Fecha,BTC,Equity,Cash,BTC_QTY
2026-09-16,76150.3203125,10000.0,10000.0,0.0
2026-09-17,76403.7734375,10000.0,10000.0,0.0
2026-09-18,80901.4609375,10000.0,10000.0,0.0
2026-09-19,81233.6796875,10000.0,10000.0,0.0
2026-09-20,81142.609375,10000.0,10000.0,0.0
2026-09-21,86602.9140625,10000.0,10000.0,0.0
2026-09-22,86172.28125,10000.0,10000.0,0.0
2026-09-23,84383.0078125,10000.0,10000.0,0.0
2026-09-24,84379.0625,10000.0,10000.0,0.0
2026-09-25,84034.921875,10000.0,10000.0,0.0
2026-09-26,84406.453125,10000.0,10000.0,0.0
2026-09-27,84458.0859375,10000.0,10000.0,0.0
2026-09-28,83502.609375,10000.0,10000.0,0.0
2026-09-29,83622.4296875,10000.0,10000.0,0.0
2026-09-30,83553.8515625,10000.0,10000.0,0.0
2026-10-01,84853.1015625,10000.0,10000.0,0.0
