Fecha,Precio,Probabilidad,Accion,Motivo,Equity
2026-09-16,76150.3203125,0.4637527895066944,ESPERAR,PROBABILIDAD BAJO UMBRAL,10000.0
2026-09-17,76403.7734375,0.4746573501860316,ESPERAR,PROBABILIDAD BAJO UMBRAL,10000.0
2026-09-18,80901.4609375,0.4250552478651919,ESPERAR,PROBABILIDAD BAJO UMBRAL,10000.0
2026-09-19,81233.6796875,0.4058938636111119,ESPERAR,PROBABILIDAD BAJO UMBRAL,10000.0
2026-09-20,81142.609375,0.3532427068114018,ESPERAR,PROBABILIDAD BAJO UMBRAL,10000.0
2026-09-21,86602.9140625,0.6046042559484733,ESPERAR,PROBABILIDAD BAJO UMBRAL,10000.0
2026-09-22,86172.28125,0.6132298840484913,ESPERAR,PROBABILIDAD BAJO UMBRAL,10000.0
2026-09-23,84383.0078125,0.5225046197173938,ESPERAR,PROBABILIDAD BAJO UMBRAL,10000.0
2026-09-24,84379.0625,0.4796532225125045,ESPERAR,PROBABILIDAD BAJO UMBRAL,10000.0
2026-09-25,84034.921875,0.4689242118931075,ESPERAR,PROBABILIDAD BAJO UMBRAL,10000.0
2026-09-26,84406.453125,0.4374538921126307,ESPERAR,PROBABILIDAD BAJO UMBRAL,10000.0
2026-09-27,84458.0859375,0.4630054073749477,ESPERAR,PROBABILIDAD BAJO UMBRAL,10000.0
2026-09-28,83502.609375,0.5199718051695584,ESPERAR,PROBABILIDAD BAJO UMBRAL,10000.0
2026-09-29,83622.4296875,0.4986222702471941,ESPERAR,PROBABILIDAD BAJO UMBRAL,10000.0
2026-09-30,83553.8515625,0.4807968985823381,ESPERAR,PROBABILIDAD BAJO UMBRAL,10000.0
2026-10-01,84853.1015625,0.4505001709789682,ESPERAR,PROBABILIDAD BAJO UMBRAL,10000.0
2026-10-02,84497.2109375,0.5330571367721507,ESPERAR,PROBABILIDAD BAJO UMBRAL,10000.0
2026-10-03,84763.578125,0.4336104948351283,ESPERAR,PROBABILIDAD BAJO UMBRAL,10000.0
2026-10-04,86480.3046875,0.4195953899176904,ESPERAR,PROBABILIDAD BAJO UMBRAL,10000.0
2026-10-05,85786.59375,0.44800687360549857,ESPERAR,PROBABILIDAD BAJO UMBRAL,10000.0
