Fecha,Precio,Probabilidad,RSI,MA50,MA200,Señal,Motivo
2026-09-16,76150.3203125,0.4637527895066944,46.30877699717681,71899.266953125,70283.498203125,ESPERAR,PROBABILIDAD BAJO UMBRAL
2026-09-17,76403.7734375,0.4746573501860316,29.48047500181123,72149.1790625,70336.8265625,ESPERAR,PROBABILIDAD BAJO UMBRAL
2026-09-18,80901.4609375,0.4250552478651919,54.165028003279616,72472.702109375,70397.454609375,ESPERAR,PROBABILIDAD BAJO UMBRAL
2026-09-19,81233.6796875,0.4058938636111119,54.71823812282856,72841.10078125,70462.154765625,ESPERAR,PROBABILIDAD BAJO UMBRAL
2026-09-20,81142.609375,0.3532427068114018,52.73204677291652,73208.6865625,70504.314921875,ESPERAR,PROBABILIDAD BAJO UMBRAL
2026-09-21,86602.9140625,0.6046042559484733,69.98571888560593,73671.10484375,70583.1238671875,ESPERAR,PROBABILIDAD BAJO UMBRAL
2026-09-22,86172.28125,0.6132298840484913,70.91955120917058,74125.3325,70673.3028125,ESPERAR,PROBABILIDAD BAJO UMBRAL
2026-09-23,84383.0078125,0.5225046197173938,65.23663451407599,74531.87359375,70758.8548828125,ESPERAR,PROBABILIDAD BAJO UMBRAL
2026-09-24,84379.0625,0.4796532225125045,71.2171217376394,74927.50484375,70850.9012890625,ESPERAR,PROBABILIDAD BAJO UMBRAL
2026-09-25,84034.921875,0.4689242118931075,68.90572796472979,75322.961015625,70929.063984375,ESPERAR,PROBABILIDAD BAJO UMBRAL
2026-09-26,84406.453125,0.4374538921126307,69.3696979670221,75713.48625,71001.461640625,ESPERAR,PROBABILIDAD BAJO UMBRAL
2026-09-27,84458.0859375,0.4630054073749477,71.11976770119895,76104.55421875,71072.72765625,ESPERAR,PROBABILIDAD BAJO UMBRAL
2026-09-28,83502.609375,0.5199718051695584,65.1081212167301,76477.708671875,71137.7733984375,ESPERAR,PROBABILIDAD BAJO UMBRAL
2026-09-29,83622.4296875,0.4986222702471941,76.28099571822298,76871.945546875,71201.04421875,ESPERAR,PROBABILIDAD BAJO UMBRAL
2026-09-30,83553.8515625,0.4807968985823381,75.0631304449017,77271.985078125,71262.7403515625,ESPERAR,PROBABILIDAD BAJO UMBRAL
2026-10-01,84853.1015625,0.4505001709789682,76.71206959916854,77700.9984375,71323.0562890625,ESPERAR,PROBABILIDAD BAJO UMBRAL
2026-10-02,84497.2109375,0.5330571367721507,65.40098591794367,78122.89921875,71371.2369140625,ESPERAR,PROBABILIDAD BAJO UMBRAL
2026-10-03,84763.578125,0.4336104948351283,65.2047061103921,78558.65890625,71425.442421875,ESPERAR,PROBABILIDAD BAJO UMBRAL
2026-10-04,86480.3046875,0.4195953899176904,70.16725338081359,79027.77859375,71501.6160546875,ESPERAR,PROBABILIDAD BAJO UMBRAL
2026-10-05,85786.59375,0.4480068736054985,45.17938719639629,79487.137421875,71580.985078125,ESPERAR,PROBABILIDAD BAJO UMBRAL
2026-10-06,85557.5625,0.451444523402706,46.28136200716846,79908.16359375,71656.1599609375,ESPERAR,PROBABILIDAD BAJO UMBRAL
2026-10-07,83275.9296875,0.4436939573289378,43.67942622146495,80280.06796875,71728.9819921875,ESPERAR,PROBABILIDAD BAJO UMBRAL
2026-10-08,81676.3359375,0.4554463359359662,36.94761600412909,80528.2709375,71798.1376171875,ESPERAR,PROBABILIDAD BAJO UMBRAL
2026-10-09,82546.3203125,0.40588930809741,43.1585138247276,80718.5421875,71856.294921875,ESPERAR,PROBABILIDAD BAJO UMBRAL
